{
  "sampling": "one deterministic random contiguous 8x8 spatial block per full tile",
  "train": {
    "sample_count": 495,
    "regions": [
      "region_r007_c021",
      "region_r009_c021",
      "region_r013_c017"
    ],
    "label_counts": {
      "non_maize": 6959759,
      "maize": 12652070,
      "ignore": 12828491
    },
    "supervised_fraction": 0.6045510340218592,
    "maize_fraction_of_supervised": 0.6451244297510447,
    "median_ndvi_by_time_point": [
      0.118524498252597,
      0.11614736842116648,
      0.11390380998114799,
      0.11303917465959812,
      0.11805267750783394,
      0.1359299936340519,
      0.16471274559238339,
      0.2038998021363987,
      0.25951432830829585,
      0.3384636546948355,
      0.4346161196193611,
      0.5361798076931689,
      0.6314374303727543,
      0.6926477758686466,
      0.7242867237221389,
      0.7686901717639743,
      0.7990252269529061,
      0.8043378567348028,
      0.7913512524135726,
      0.7667264689710258,
      0.7326860438055045,
      0.6805341123179817,
      0.6176779383459048,
      0.5405011639731325,
      0.45000271415767623,
      0.3700568303989896
    ],
    "band_mean": [
      0.07233085166749118,
      0.10183347636687555,
      0.1152994493167905,
      0.14610451613341036,
      0.23300364726208997,
      0.2806960080142097,
      0.288747031921861,
      0.2952715499192007,
      0.23235982392877155,
      0.17928465319233897
    ],
    "band_std": [
      0.03768133231505403,
      0.0445374739103767,
      0.06384715496359183,
      0.05988386754684673,
      0.05726974179023125,
      0.09147261669544274,
      0.09401637999442203,
      0.09600797740010271,
      0.07144762145259213,
      0.08310056769756688
    ],
    "mean_absolute_standardized_spectral_shift_from_train": 0.0,
    "representative_sample": "sample_001391"
  },
  "val": {
    "sample_count": 276,
    "regions": [
      "region_r008_c021"
    ],
    "label_counts": {
      "non_maize": 4877280,
      "maize": 6691022,
      "ignore": 6519634
    },
    "supervised_fraction": 0.6395589856133945,
    "maize_fraction_of_supervised": 0.5783927494285678,
    "median_ndvi_by_time_point": [
      0.11019542496691136,
      0.11150211945188063,
      0.11453323989930553,
      0.11649633561052956,
      0.12424827080193929,
      0.1471452523518424,
      0.184383267925518,
      0.2344915878362805,
      0.29153940703141923,
      0.36128114790480326,
      0.4515849832218003,
      0.5560853771300007,
      0.6443365583940961,
      0.6889113764763354,
      0.7247276439708497,
      0.7523953253149507,
      0.7558721632679888,
      0.7447975833770417,
      0.7263374560337962,
      0.6907169653368588,
      0.6441334528191078,
      0.5848423186311604,
      0.5196448483115332,
      0.444761475870212,
      0.3652986930876123,
      0.2896689527163943
    ],
    "band_mean": [
      0.08454484504562165,
      0.11644500905571549,
      0.13181269001016602,
      0.16616981212851692,
      0.2564657853428368,
      0.3040298251395364,
      0.31487488530402336,
      0.3212129058947884,
      0.2670691781079569,
      0.21027646632983854
    ],
    "band_std": [
      0.04008150481771947,
      0.04665275004140536,
      0.0669575407290944,
      0.061515798991264144,
      0.05256026328125225,
      0.07956259888220868,
      0.08114922155802257,
      0.0823388582542803,
      0.07499367757555726,
      0.09164928033951891
    ],
    "mean_absolute_standardized_spectral_shift_from_train": 0.3317539877435112,
    "representative_sample": "sample_002230"
  },
  "test": {
    "sample_count": 305,
    "regions": [
      "region_r008_c022"
    ],
    "label_counts": {
      "non_maize": 4352588,
      "maize": 7942837,
      "ignore": 7693055
    },
    "supervised_fraction": 0.6151255623238986,
    "maize_fraction_of_supervised": 0.6459993859504654,
    "median_ndvi_by_time_point": [
      0.1345687000749201,
      0.1321622876882989,
      0.13101733666088208,
      0.13374327013548384,
      0.14167790843338307,
      0.1608086932761063,
      0.1928360318504691,
      0.2360843372817073,
      0.2880608050993355,
      0.35846377883709196,
      0.44600908909680037,
      0.5447786820857816,
      0.6379598429761213,
      0.6987509402640091,
      0.7355036018224461,
      0.7739077490910826,
      0.7916038427037133,
      0.7948165249851915,
      0.7879243232450162,
      0.7645435582013473,
      0.727336297899805,
      0.682930195787141,
      0.6134343196793033,
      0.5289178510789898,
      0.4382233108856164,
      0.35574012965431023
    ],
    "band_mean": [
      0.0763624508552917,
      0.10689305880968888,
      0.12188666901030548,
      0.15554394542148148,
      0.24557033439589152,
      0.2934792248868352,
      0.3062499182503366,
      0.31215901279607444,
      0.26102427625457914,
      0.20573528479498973
    ],
    "band_std": [
      0.03820957703748702,
      0.045115940092542516,
      0.06529168923677922,
      0.060171465492776265,
      0.050724732938088754,
      0.07797942906001222,
      0.07803750815166569,
      0.07978766430845323,
      0.07732254035053807,
      0.09302016840369537
    ],
    "mean_absolute_standardized_spectral_shift_from_train": 0.1922131190113629,
    "representative_sample": "sample_002074"
  }
}